<?xml version="1.0" encoding="utf-8"?>
<feed xmlns="http://www.w3.org/2005/Atom">
  <title>蓝色文字</title>
  <subtitle>东风不来，三月的柳絮不飞</subtitle>
  <link href="/atom.xml" rel="self"/>
  
  <link href="http://Lansewenzi.github.io/"/>
  <updated>2016-09-21T10:36:39.612Z</updated>
  <id>http://Lansewenzi.github.io/</id>
  
  <author>
    <name>Wonder Zhou</name>
    
  </author>
  
  <generator uri="http://hexo.io/">Hexo</generator>
  
  <entry>
    <title>导航页</title>
    <link href="http://Lansewenzi.github.io/10000/07/19/%E5%AF%BC%E8%88%AA%E9%A1%B5/"/>
    <id>http://Lansewenzi.github.io/10000/07/19/导航页/</id>
    <published>+010000-07-19T02:19:05.000Z</published>
    <updated>2016-09-21T10:36:39.612Z</updated>
    
    <content type="html"><![CDATA[<hr>
<h2 id="搜索引擎-百度-谷歌-百度云搜索"><a href="#搜索引擎-百度-谷歌-百度云搜索" class="headerlink" title="搜索引擎:  百度  谷歌  百度云搜索"></a>搜索引擎:  <a href="http://www.baidu.com" target="_blank" rel="external">百度</a>  <a href="http://www.google.com" target="_blank" rel="external">谷歌</a>  <a href="http://www.sobaidupan.com" target="_blank" rel="external">百度云搜索</a></h2><hr>
<h2 id="电影网站-优酷-土豆-我飞网-电影港-高清MP4-BT天堂"><a href="#电影网站-优酷-土豆-我飞网-电影港-高清MP4-BT天堂" class="headerlink" title="电影网站:  优酷  土豆  我飞网  电影港  高清MP4  BT天堂"></a>电影网站:  <a href="http://www.youku.com" target="_blank" rel="external">优酷</a>  <a href="http://www.tudou.com" target="_blank" rel="external">土豆</a>  <a href="http://www.9kkz.com" target="_blank" rel="external">我飞网</a>  <a href="http://www.66ys.cc" target="_blank" rel="external">电影港</a>  <a href="http://www.mp4ba.com" target="_blank" rel="external">高清MP4</a>  <a href="http://www.bttiantang.com" target="_blank" rel="external">BT天堂</a></h2><hr>
<h2 id="论坛-远景论坛-IT之家论坛-威锋网-机锋论坛-安卓论坛-厘米天空-N软-炫音音乐论坛-小木虫"><a href="#论坛-远景论坛-IT之家论坛-威锋网-机锋论坛-安卓论坛-厘米天空-N软-炫音音乐论坛-小木虫" class="headerlink" title="论坛:  远景论坛  IT之家论坛  威锋网  机锋论坛  安卓论坛    厘米天空  N软  炫音音乐论坛  小木虫"></a>论坛:  <a href="http://bbs.pcbeta.com" target="_blank" rel="external">远景论坛</a>  <a href="http://bbs.ithome.com" target="_blank" rel="external">IT之家论坛</a>  <a href="http://bbs.feng.com" target="_blank" rel="external">威锋网</a>  <a href="http://bbs.gfan.com" target="_blank" rel="external">机锋论坛</a>  <a href="http://bbs.hiapk.com" target="_blank" rel="external">安卓论坛</a>    <a href="http://www.cmsky.com" target="_blank" rel="external">厘米天空</a>  <a href="http://www.nruan.com/win-key.html" target="_blank" rel="external">N软</a>  <a href="http://bbs.musicool.cn" target="_blank" rel="external">炫音音乐论坛</a>  <a href="http://muchong.com" target="_blank" rel="external">小木虫</a></h2><hr>
<hr>
<h2 id="购物-京东-淘宝网-天猫-12306-paypal-ebay"><a href="#购物-京东-淘宝网-天猫-12306-paypal-ebay" class="headerlink" title="购物:  京东  淘宝网  天猫  12306  paypal  ebay"></a>购物:  <a href="http://www.jd.com" target="_blank" rel="external">京东</a>  <a href="http://www.taobao.com" target="_blank" rel="external">淘宝网</a>  <a href="https://www.tmall.com" target="_blank" rel="external">天猫</a>  <a href="http://www.12306.cn" target="_blank" rel="external">12306</a>  <a href="http://www.paypal.com" target="_blank" rel="external">paypal</a>  <a href="http://www.ebay.com/rpp/haitaoevent/" target="_blank" rel="external">ebay</a></h2><hr>
<h2 id="交流-新浪微博-知乎-网易公开课-我要自学网"><a href="#交流-新浪微博-知乎-网易公开课-我要自学网" class="headerlink" title="交流:  新浪微博  知乎  网易公开课  我要自学网"></a>交流:  <a href="http://weibo.com" target="_blank" rel="external">新浪微博</a>  <a href="https://www.zhihu.com" target="_blank" rel="external">知乎</a>  <a href="http://v.163.com/open" target="_blank" rel="external">网易公开课</a>  <a href="http://www.51zxw.net" target="_blank" rel="external">我要自学网</a></h2><hr>
<h2 id="建站工具-nat123官网-DNSPod-freenom-多说-百度统计-VULTR-github-七牛云"><a href="#建站工具-nat123官网-DNSPod-freenom-多说-百度统计-VULTR-github-七牛云" class="headerlink" title="建站工具:  nat123官网  DNSPod  freenom  多说  百度统计 VULTR  github  七牛云"></a>建站工具:  <a href="http://www.nat123.com" target="_blank" rel="external">nat123官网</a>  <a href="http://www.dnspod.cn" target="_blank" rel="external">DNSPod</a>  <a href="https://my.freenom.com/clientarea.php" target="_blank" rel="external">freenom</a>  <a href="http://duoshuo.com" target="_blank" rel="external">多说</a>  <a href="http://tongji.baidu.com" target="_blank" rel="external">百度统计</a> <a href="http://www.vultr.com" target="_blank" rel="external">VULTR</a>  <a href="https://github.com" target="_blank" rel="external">github</a>  <a href="https://www.qiniu.com" target="_blank" rel="external">七牛云</a></h2><hr>
<h2 id="其他-Office365登陆-Outlook邮箱登陆-火狐国际版下载"><a href="#其他-Office365登陆-Outlook邮箱登陆-火狐国际版下载" class="headerlink" title="其他: Office365登陆  Outlook邮箱登陆  火狐国际版下载"></a>其他: <a href="https://portal.office.com" target="_blank" rel="external">Office365登陆</a>  <a href="https://login.live.com/login.srf?wa=wsignin1.0&amp;ct=1473244131&amp;rver=6.6.6556.0&amp;wp=MBI_SSL&amp;wreply=https:%2F%2Foutlook.live.com%2Fowa%2F&amp;id=292841&amp;CBCXT=out" target="_blank" rel="external">Outlook邮箱登陆</a>  <a href="https://www.mozilla.org/en-US/firefox/all/" target="_blank" rel="external">火狐国际版下载</a></h2>]]></content>
    
    <summary type="html">
    
      &lt;hr&gt;
&lt;h2 id=&quot;搜索引擎-百度-谷歌-百度云搜索&quot;&gt;&lt;a href=&quot;#搜索引擎-百度-谷歌-百度云搜索&quot; class=&quot;headerlink&quot; title=&quot;搜索引擎:  百度  谷歌  百度云搜索&quot;&gt;&lt;/a&gt;搜索引擎:  &lt;a href=&quot;http://www.ba
    
    </summary>
    
    
      <category term="导航" scheme="http://Lansewenzi.github.io/tags/%E5%AF%BC%E8%88%AA/"/>
    
  </entry>
  
  <entry>
    <title>超级保镖</title>
    <link href="http://Lansewenzi.github.io/2016/09/11/%E8%B6%85%E7%BA%A7%E4%BF%9D%E9%95%96/"/>
    <id>http://Lansewenzi.github.io/2016/09/11/超级保镖/</id>
    <published>2016-09-11T12:03:05.000Z</published>
    <updated>2016-09-11T12:09:55.906Z</updated>
    
    <content type="html"><![CDATA[<h1 id="译-名-超级保镖"><a href="#译-名-超级保镖" class="headerlink" title="译　　名　超级保镖"></a>译　　名　超级保镖</h1><p>片　　名　The Bodyguard<br>年　　代　2016-07-15(中国大陆)<br>国　　家　中国大陆<br>类　　别　剧情 / 动作<br>语　　言　汉语普通话<br>字　　幕　中文<br>IMDb评分　6.5/10  from 49 User<br><a id="more"></a><br>文件格式　x264 + AAC<br>视频尺寸　720p<br>文件大小　1CD<br>片　　长　1h 29mn<br>导　　演　岳松 Song Yue<br>主　　演　岳松  Song Yue   武林<br>　　　　　释彦能  Yanneng Shi<br>　　　　　邹兆龙  Collin Chou   佛面<br>　　　　　陈惠敏  Wai-Man Chan   终极BOSS<br>　　　　　李宇菲  Becki   李菲菲<br>　　　　　姜宝成  Baocheng Jiang   巨人金刚<br>　　　　　尚铁龙  Tielong Shang<br>　　　　　徐冬梅  Dongmei Xu<br>　　　　　杨骏  Jun Yang<br>　　　　　李长海  Changhai Li<br>　　　　　元武  Wu Yuan<br>　　　　　董江涛  Jiangtao Dong</p>
<h1 id="简-介"><a href="#简-介" class="headerlink" title="简　　介"></a>简　　介</h1><p>影片讲述了一个暗黑到极致的复仇故事，功夫小子“武林”（岳松 饰）来到有着“罪恶之称”的冷城投奔自己的师兄李江（释彦能 饰），却意外成为冷城首富千金李菲菲（李宇菲 饰）的保镖，从而引起一场前所未见的腥风血雨……</p>
<h2 id="下载地址"><a href="#下载地址" class="headerlink" title="下载地址:"></a>下载地址:</h2><p><a href="ed2k://|file|%E8%B6%85%E7%BA%A7%E4%BF%9D%E9%95%96.HD1280%E8%B6%85%E6%B8%85%E5%9B%BD%E8%AF%AD%E4%B8%AD%E8%8B%B1%E5%8F%8C%E5%AD%97.mp4|1992762374|A99D15D9D897AFB106BBD66231FC7E84|h=CIJUBG5ORSXGQHUXCX6NVWZLALOXGWGL|/" target="_blank" rel="external">超级保镖.720p高码版.HD国语中字.mp4</a></p>
<h2 id="警告"><a href="#警告" class="headerlink" title="警告:"></a>警告:</h2><ul>
<li>本站免费电影的所有内容都由网友提供，本站仅为网友提供信息的交流平台。</li>
<li>所有电影版权归原权利人,请下载后24小时内删除。</li>
<li>勿将下载的免费电影用于商业用途，因此造成的任何责任与本站无关! </li>
</ul>
]]></content>
    
    <summary type="html">
    
      &lt;h1 id=&quot;译-名-超级保镖&quot;&gt;&lt;a href=&quot;#译-名-超级保镖&quot; class=&quot;headerlink&quot; title=&quot;译　　名　超级保镖&quot;&gt;&lt;/a&gt;译　　名　超级保镖&lt;/h1&gt;&lt;p&gt;片　　名　The Bodyguard&lt;br&gt;年　　代　2016-07-15(中国大陆)&lt;br&gt;国　　家　中国大陆&lt;br&gt;类　　别　剧情 / 动作&lt;br&gt;语　　言　汉语普通话&lt;br&gt;字　　幕　中文&lt;br&gt;IMDb评分　6.5/10  from 49 User&lt;br&gt;
    
    </summary>
    
    
      <category term="电影分享" scheme="http://Lansewenzi.github.io/tags/%E7%94%B5%E5%BD%B1%E5%88%86%E4%BA%AB/"/>
    
  </entry>
  
  <entry>
    <title>使徒行者</title>
    <link href="http://Lansewenzi.github.io/2016/08/26/%E4%BD%BF%E5%BE%92%E8%A1%8C%E8%80%85/"/>
    <id>http://Lansewenzi.github.io/2016/08/26/使徒行者/</id>
    <published>2016-08-26T12:12:20.000Z</published>
    <updated>2016-08-26T12:40:10.903Z</updated>
    
    <content type="html"><![CDATA[<h1 id="片名：《使徒行者》"><a href="#片名：《使徒行者》" class="headerlink" title="片名：《使徒行者》"></a>片名：《使徒行者》</h1><p>使徒行者/使徒行者电影版 / Line Walker<br>导演: 文伟鸿<br>编剧: 关皓月<br>主演: 张家辉 / 古天乐 / 吴镇宇 / 佘诗曼 / 许绍雄 / 更多…<br><a id="more"></a><br>类型: 剧情 / 动作 / 犯罪<br>制片国家/地区: 香港 / 中国大陆<br>语言: 汉语普通话<br>字幕: 中字<br>上映日期: 2016-08-11(中国大陆/香港)<br>片长: 109分钟<br>豆瓣评分: 6.9/10 40996人评价</p>
<h1 id="使徒行者的剧情简介"><a href="#使徒行者的剧情简介" class="headerlink" title="使徒行者的剧情简介"></a>使徒行者的剧情简介</h1><p>卧底阿钉（佘诗曼 饰）收到了一条神秘短信，追溯到神秘人郭铭的犯罪集团，其手下两名重臣少爷（古天乐 饰）和阿蓝（张家辉 饰）很可能是之前警队失联的卧底。而在捣灭犯罪集团的过程中，其中一人暴露身份也使这对情同手足的好兄弟陷入信任和生命危机。而卧底联络人Q Sir（吴镇宇 饰）和卧底阿钉也面多重危难。在迷雾中，一场激战蓄势待发……</p>
<h2 id="下载地址："><a href="#下载地址：" class="headerlink" title="下载地址："></a>下载地址：</h2><p><a href="ed2k://|file|%E4%BD%BF%E5%BE%92%E8%A1%8C%E8%80%85%E7%94%B5%E5%BD%B1%E7%89%88.TC1280%E6%B8%85%E6%99%B0%E5%9B%BD%E8%AF%AD%E4%B8%AD%E8%8B%B1%E5%8F%8C%E5%AD%97.mp4|2308660262|814545F5D45464A80ED0002121D95247|h=FWUSXMDX5JN6UZGOR4FISAAWMTBNCOY5|/" target="_blank" rel="external">使徒行者.TC国语中字.mp4</a></p>
<h2 id="警告"><a href="#警告" class="headerlink" title="警告:"></a>警告:</h2><ul>
<li>本站免费电影的所有内容都由网友提供，本站仅为网友提供信息的交流平台。</li>
<li>所有电影版权归原权利人,请下载后24小时内删除。</li>
<li>勿将下载的免费电影用于商业用途，因此造成的任何责任与本站无关! </li>
</ul>
]]></content>
    
    <summary type="html">
    
      &lt;h1 id=&quot;片名：《使徒行者》&quot;&gt;&lt;a href=&quot;#片名：《使徒行者》&quot; class=&quot;headerlink&quot; title=&quot;片名：《使徒行者》&quot;&gt;&lt;/a&gt;片名：《使徒行者》&lt;/h1&gt;&lt;p&gt;使徒行者/使徒行者电影版 / Line Walker&lt;br&gt;导演: 文伟鸿&lt;br&gt;编剧: 关皓月&lt;br&gt;主演: 张家辉 / 古天乐 / 吴镇宇 / 佘诗曼 / 许绍雄 / 更多…&lt;br&gt;
    
    </summary>
    
    
      <category term="电影分享" scheme="http://Lansewenzi.github.io/tags/%E7%94%B5%E5%BD%B1%E5%88%86%E4%BA%AB/"/>
    
  </entry>
  
  <entry>
    <title>独立日2</title>
    <link href="http://Lansewenzi.github.io/2016/08/26/%E7%8B%AC%E7%AB%8B%E6%97%A52/"/>
    <id>http://Lansewenzi.github.io/2016/08/26/独立日2/</id>
    <published>2016-08-26T12:11:32.000Z</published>
    <updated>2016-08-26T12:41:50.656Z</updated>
    
    <content type="html"><![CDATA[<h1 id="片名：片名：《独立日2-高清-》"><a href="#片名：片名：《独立日2-高清-》" class="headerlink" title="片名：片名：《独立日2[高清]》"></a>片名：片名：《独立日2[高清]》</h1><p>译　　名　独立日：卷土重来 / 独立日2 / 天煞-地球反击战2(港) / ID4星际重生(台) / 独立日2：卷土重来 / 独立日2：复活 / 独立日：永恒1 / 天煞-地球反击战2<br><a id="more"></a><br>片　　名　Independence Day: Resurgence<br>年　　代　2016<br>国　　家　美国<br>类　　别　动作 / 科幻 / 冒险 / 灾难<br>语　　言　英语 / 汉语普通话 / 阿拉伯语<br>字　　幕　中英双字<br>上映日期　2016-06-24(中国大陆/美国)<br>评　　分　5.6/10 from 46,599 users<br>豆瓣评分　5.9/10 from 44,058 users<br>文件格式　x264 x AAC<br>视频尺寸　720p<br>文件大小　1CD<br>片　　长　120分钟<br>导　　演　罗兰·艾默里奇 Roland Emmerich<br>主　　演　利亚姆·海姆斯沃斯 Liam Hemsworth<br>　　　　　杰夫·高布伦 Jeff Goldblum<br>　　　　　比尔·普尔曼 Bill Pullman<br>　　　　　麦卡·梦露 Maika Monroe<br>　　　　　杰西·厄舍 Jessie Usher<br>　　　　　特拉维斯·托普 Travis Tope<br>　　　　　威廉·菲德内尔 William Fichtner<br>　　　　　夏洛特·甘斯布 Charlotte Gainsbourg<br>　　　　　贾德·赫希 Judd Hirsch<br>　　　　　雪拉·渥德 Sela Ward<br>　　　　　布伦特·斯皮内 Brent Spiner<br>　　　　　杨颖 Angelababy<br>　　　　　薇薇卡·福克斯 Vivica A. Fox<br>　　　　　乔伊·金 Joey King<br>　　　　　麦肯娜·格瑞丝 Mckenna Grace<br>　　　　　道比·欧帕瑞 Deobia Oparei<br>　　　　　罗恩·袁 Ron Yuan<br>　　　　　史蒂芬·布莱克史密斯 Steven Blacksmith</p>
<h1 id="简-介"><a href="#简-介" class="headerlink" title="简　　介"></a>简　　介</h1><p>　　　经历过外星人大举入侵地球后，人类知道，这些入侵者有一天一定会再回来。人类运用先前外星人所遗留下来的科技文明，发展出一套强大的地球防御系统以抵御外星人的再度入侵。然而，20年后，这些外星人却带着人类前所未见、更先进强大的武力再次入侵地球，带来更大的全球灾难，几位勇敢的年轻人，他们挺身而出，将再一次为人类生存而战斗……</p>
<h2 id="下载地址："><a href="#下载地址：" class="headerlink" title="下载地址："></a>下载地址：</h2><p><a href="ed2k://|file|%E7%8B%AC%E7%AB%8B%E6%97%A5%EF%BC%9A%E5%8D%B7%E5%9C%9F%E9%87%8D%E6%9D%A5.HD1280%E9%AB%98%E6%B8%85%E5%9B%BD%E8%8B%B1%E5%8F%8C%E8%AF%AD%E4%B8%AD%E5%AD%97.mp4|2311222164|B465BAF340D5174FE6E0995D0EDA2D40|h=ITVAPXZ5MHJCOCXORY7JXBKU7OB2FJP3|/" target="_blank" rel="external">独立日2.720p.国英双语.HD中字.mp4</a></p>
<h2 id="警告"><a href="#警告" class="headerlink" title="警告:"></a>警告:</h2><ul>
<li>本站免费电影的所有内容都由网友提供，本站仅为网友提供信息的交流平台。</li>
<li>所有电影版权归原权利人,请下载后24小时内删除。</li>
<li>勿将下载的免费电影用于商业用途，因此造成的任何责任与本站无关! </li>
</ul>
]]></content>
    
    <summary type="html">
    
      &lt;h1 id=&quot;片名：片名：《独立日2-高清-》&quot;&gt;&lt;a href=&quot;#片名：片名：《独立日2-高清-》&quot; class=&quot;headerlink&quot; title=&quot;片名：片名：《独立日2[高清]》&quot;&gt;&lt;/a&gt;片名：片名：《独立日2[高清]》&lt;/h1&gt;&lt;p&gt;译　　名　独立日：卷土重来 / 独立日2 / 天煞-地球反击战2(港) / ID4星际重生(台) / 独立日2：卷土重来 / 独立日2：复活 / 独立日：永恒1 / 天煞-地球反击战2&lt;br&gt;
    
    </summary>
    
    
      <category term="电影分享" scheme="http://Lansewenzi.github.io/tags/%E7%94%B5%E5%BD%B1%E5%88%86%E4%BA%AB/"/>
    
  </entry>
  
  <entry>
    <title>寒战2</title>
    <link href="http://Lansewenzi.github.io/2016/08/25/%E5%AF%92%E6%88%982/"/>
    <id>http://Lansewenzi.github.io/2016/08/25/寒战2/</id>
    <published>2016-08-25T15:50:29.000Z</published>
    <updated>2016-08-26T12:18:26.834Z</updated>
    
    <content type="html"><![CDATA[<h1 id="片名：《寒战2》"><a href="#片名：《寒战2》" class="headerlink" title="片名：《寒战2》"></a>片名：《寒战2》</h1><p>寒战2(2016)/寒战II/Cold War Ⅱ<br>导演: 梁乐民 / 陆剑青<br>编剧: 梁乐民 / 陆剑青 / 吴炜伦<br>主演: 郭富城 / 梁家辉 / 杨采妮 / 彭于晏 / 李治廷 / 更多…<br><a id="more"></a><br>类型: 剧情 / 动作 / 犯罪<br>制片国家/地区: 中国大陆 / 香港<br>语言: 汉语普通话 / 粤语<br>字幕: 中英双字<br>上映日期: 2016-07-08(中国大陆/香港)<br>片长: 110分钟<br>豆瓣评分: 7.1/10 69430人评价</p>
<h1 id="寒战2的剧情简介"><a href="#寒战2的剧情简介" class="headerlink" title="寒战2的剧情简介"></a>寒战2的剧情简介</h1><p>　　冲锋车案件主谋李家俊（彭于晏 饰）设计逃脱警方控制，与幕后黑手汇合，联手策划更大阴谋。而现警务处长刘杰辉（郭富城 饰），前警务副处长李文彬（梁家辉 饰），和资深大律师简奥伟（周润发 饰）被卷入其中，香港将面临更加大的危机……</p>
<h2 id="下载地址："><a href="#下载地址：" class="headerlink" title="下载地址："></a>下载地址：</h2><p><a href="ed2k://|file|%E5%AF%92%E6%88%982.TC1280%E6%B8%85%E6%99%B0%E5%9B%BD%E8%AF%AD%E4%B8%AD%E8%8B%B1%E5%8F%8C%E5%AD%97.mp4|2427825372|2B0C72BDC7C881BE851BC70547D96BDF|h=5LO3HGMOEQLBK3PQA4KNMIGEST5LOWEP|/" target="_blank" rel="external">寒战2.TC国语中字.mp4</a></p>
<h2 id="警告"><a href="#警告" class="headerlink" title="警告:"></a>警告:</h2><ul>
<li>本站免费电影的所有内容都由网友提供，本站仅为网友提供信息的交流平台。</li>
<li>所有电影版权归原权利人,请下载后24小时内删除。</li>
<li>勿将下载的免费电影用于商业用途，因此造成的任何责任与本站无关! </li>
</ul>
]]></content>
    
    <summary type="html">
    
      &lt;h1 id=&quot;片名：《寒战2》&quot;&gt;&lt;a href=&quot;#片名：《寒战2》&quot; class=&quot;headerlink&quot; title=&quot;片名：《寒战2》&quot;&gt;&lt;/a&gt;片名：《寒战2》&lt;/h1&gt;&lt;p&gt;寒战2(2016)/寒战II/Cold War Ⅱ&lt;br&gt;导演: 梁乐民 / 陆剑青&lt;br&gt;编剧: 梁乐民 / 陆剑青 / 吴炜伦&lt;br&gt;主演: 郭富城 / 梁家辉 / 杨采妮 / 彭于晏 / 李治廷 / 更多…&lt;br&gt;
    
    </summary>
    
    
      <category term="电影分享" scheme="http://Lansewenzi.github.io/tags/%E7%94%B5%E5%BD%B1%E5%88%86%E4%BA%AB/"/>
    
  </entry>
  
  <entry>
    <title>绝地逃亡</title>
    <link href="http://Lansewenzi.github.io/2016/08/25/%E7%BB%9D%E5%9C%B0%E9%80%83%E4%BA%A1/"/>
    <id>http://Lansewenzi.github.io/2016/08/25/绝地逃亡/</id>
    <published>2016-08-25T15:25:05.000Z</published>
    <updated>2016-09-11T12:02:16.083Z</updated>
    
    <content type="html"><![CDATA[<h1 id="片名：《绝地逃亡》"><a href="#片名：《绝地逃亡》" class="headerlink" title="片名：《绝地逃亡》"></a>片名：《绝地逃亡》</h1><p>绝地逃亡 Skiptrace (2016)/跨境追捕/跳跃追踪<br>导演: 雷尼·哈林<br>编剧: 布莱恩·盖特伍德 / 本大卫·格拉宾斯基 / 杰·朗吉诺 / 亚历桑德罗·田中 / 成龙<br>主演: 成龙 / 范冰冰 / 约翰尼·诺克斯维尔 / 曾志伟 / 王敏德 / 更多…<br><a id="more"></a><br>类型: 喜剧 / 动作<br>制片国家/地区: 中国大陆 / 美国 / 香港<br>语言: 汉语普通话 / 英语<br>字幕: 中英双字<br>上映日期: 2016-07-21(中国大陆)<br>片长: 111分钟<br>豆瓣评分: 5.7/10 26617人评价</p>
<h1 id="绝地逃亡的剧情简介"><a href="#绝地逃亡的剧情简介" class="headerlink" title="绝地逃亡的剧情简介"></a>绝地逃亡的剧情简介</h1><p>　　香港探员陈港生（成龙饰）跟踪黑道老大维克多·王（赵文瑄饰）长达十数年，为搜集他犯罪证据而被卷入一场“计中计”中，还将自己的侄女白舒（范冰冰饰）牵扯进来。在这场被中国特警、维克多·王、俄罗斯黑帮三面夹攻的“绝地逃亡”中，班尼结识了共患难的最佳拍档康纳（约翰尼·诺克斯维尔饰），一位正被维克多·王和俄国杀手追捕逃命的美国赌博高手，三人最终将怎样结束这场冒险变得扑朔迷离。</p>
<h2 id="下载地址："><a href="#下载地址：" class="headerlink" title="下载地址："></a>下载地址：</h2><p><a href="ed2k://|file|%E7%BB%9D%E5%9C%B0%E9%80%83%E4%BA%A1.HD1280%E8%B6%85%E6%B8%85%E4%B8%AD%E8%8B%B1%E5%8F%8C%E5%AD%97.mp4|2678637605|B99CB5777973E638022119B34B5BD5B0|h=CVHMBYMACEWESS3MVRYVHDKYAMZ4VKYM|/" target="_blank" rel="external">绝地逃亡.720p高码版.HD中英双字.mp4</a></p>
<h2 id="警告"><a href="#警告" class="headerlink" title="警告:"></a>警告:</h2><ul>
<li>本站免费电影的所有内容都由网友提供，本站仅为网友提供信息的交流平台。</li>
<li>所有电影版权归原权利人,请下载后24小时内删除。</li>
<li>勿将下载的免费电影用于商业用途，因此造成的任何责任与本站无关! </li>
</ul>
]]></content>
    
    <summary type="html">
    
      &lt;h1 id=&quot;片名：《绝地逃亡》&quot;&gt;&lt;a href=&quot;#片名：《绝地逃亡》&quot; class=&quot;headerlink&quot; title=&quot;片名：《绝地逃亡》&quot;&gt;&lt;/a&gt;片名：《绝地逃亡》&lt;/h1&gt;&lt;p&gt;绝地逃亡 Skiptrace (2016)/跨境追捕/跳跃追踪&lt;br&gt;导演: 雷尼·哈林&lt;br&gt;编剧: 布莱恩·盖特伍德 / 本大卫·格拉宾斯基 / 杰·朗吉诺 / 亚历桑德罗·田中 / 成龙&lt;br&gt;主演: 成龙 / 范冰冰 / 约翰尼·诺克斯维尔 / 曾志伟 / 王敏德 / 更多…&lt;br&gt;
    
    </summary>
    
    
      <category term="电影分享" scheme="http://Lansewenzi.github.io/tags/%E7%94%B5%E5%BD%B1%E5%88%86%E4%BA%AB/"/>
    
  </entry>
  
  <entry>
    <title>功夫熊猫3</title>
    <link href="http://Lansewenzi.github.io/2016/08/23/%E5%8A%9F%E5%A4%AB%E7%86%8A%E7%8C%AB3/"/>
    <id>http://Lansewenzi.github.io/2016/08/23/功夫熊猫3/</id>
    <published>2016-08-23T15:15:05.000Z</published>
    <updated>2016-08-26T12:15:39.872Z</updated>
    
    <content type="html"><![CDATA[<h1 id="片名：《功夫熊猫3-720p-》"><a href="#片名：《功夫熊猫3-720p-》" class="headerlink" title="片名：《功夫熊猫3[720p]》"></a>片名：《功夫熊猫3[720p]》</h1><p>◎译　　名　功夫熊猫3/熊猫阿宝3/阿宝正传3<br>◎片　　名　Kung Fu Panda 3<br>◎年　　代　2016<br><a id="more"></a><br>◎国　　家　中国大陆/美国<br>◎类　　别　喜剧/动作/动画/冒险<br>◎语　　言　英语<br>◎上映日期　2016-01-29(美国/中国大陆)<br>◎IMDb评分  7.3/10 from 48,952 users<br>◎片　　长　95分钟<br>◎导　　演　余仁英 Jennifer Yuh / 亚历山德罗·卡罗尼 Alessandro Carloni<br>◎主　　演　杰克·布莱克 Jack Black 饰 阿宝（英文配音） Po (voice)<br>　　　　　　安吉丽娜·朱莉 Angelina Jolie 饰 娇虎（英文配音） Tigress (voice)<br>　　　　　　达斯汀·霍夫曼 Dustin Hoffman 饰 师父（英文配音）Shifu (voice)<br>　　　　　　塞斯·罗根 Seth Rogen 饰 螳螂（英文配音）Mantis (voice)<br>　　　　　　刘玉玲 Lucy Liu 饰 灵蛇（英文配音）Viper (voice)<br>　　　　　　大卫·克罗斯 David Cross 饰 仙鹤（英文配音）Crane (voice)<br>　　　　　　詹姆斯·洪 James Hong 饰 平先生（英文配音）Mr. Ping (voice<br>　　　　　　布莱恩·科兰斯顿 Bryan Cranston 饰 李山（英文配音） Li (voice)<br>　　　　　　凯特·哈德森 Kate Hudson 饰 美美（英文配音）Mei Mei (voice)<br>　　　　　　J·K·西蒙斯 J.K. Simmons 饰 天煞（英文配音）Kai (voice)<br>　　　　　　兰德尔·杜克·金 Randall Duk Kim 饰 乌龟大师 Oogway (voice)<br>　　　　　　成龙 Jackie Chan 饰 李山（中文配音）Monkey (voice)<br>　　　　　　黄磊 Lei Huangn 饰 阿宝（中文配音）<br>　　　　　　杨幂 Mini Yangn 饰 美美（中文配音）<br>　　　　　　白百何 Fay Bain 饰 娇虎（中文配音）<br>　　　　　　周杰伦 Jay Choun 饰 金猴（中文配音）<br>　　　　　　朱珠 Zhu Zhun 饰 灵蛇（中文配音）<br>　　　　　　王太利 Taili Wangn 饰 仙鹤（中文配音）<br>　　　　　　肖央 Yang Xiaon 饰 螳螂（中文配音）<br>　　　　　　王志文 Zhiwen Wangn 饰 师父（中文配音）<br>　　　　　　张国立 Guoli Zhang 饰 天煞（中文配音）<br>　　　　　　姜武 Jiang Wu 饰 天煞（中文配音）<br>　　　　　　黄忆慈 Christian 饰 蕾蕾（中文配音）<br>　　　　　　张纪中 Jizhong Zhang 饰 乌龟大师（中文配音）<br>　　　　　　郭子睿 Patrick 饰 泡泡（中文配音）</p>
<h1 id="简-介"><a href="#简-介" class="headerlink" title="简　　介"></a>简　　介</h1><p>　　阿宝失散已久的亲生父亲突然现身，重逢的父子二人一起来到了一片不为人知的熊猫乐土。在这里，阿宝遇到了好多滑稽的熊猫同类。当拥有神秘力量的大反派天煞横扫神州大地，妄图残害所有功夫高手时，阿宝必须迎难而上，学着把那些热爱享乐、笨手笨脚的熊猫村民训练成一班所向披靡的功夫熊猫。</p>
<p>@幕后花絮</p>
<p>　　《功夫熊猫3》是第一部中美合拍动画片，背后有着三分之一的中国血统。这意味着它在中国上映不再占用进口分账大片配额，而获得了与国产片一样的43%的票房分账待遇。</p>
<p>　　梦工厂CEO卡森伯格向中国媒体强调，《功夫熊猫3》与以前的动画制作尤其不同的是，角色嘴型的动画制作是针对英文和中文两门语言设计的。</p>
<p>　　阿宝这只中国熊猫，这一回，至少有1/3血统是名正言顺的Made In China。其背后出品方之一是成立于2012年，由中方控股55%，首轮投资达3.3亿美元的“东方梦工厂”。</p>
<p>　　该片是第一部由二十世纪福斯发行的“功夫熊猫”电影。2012年梦工厂动画与派拉蒙的合作到期，之后便带着“功夫熊猫”改嫁到了二十世纪福斯。</p>
<p>　　影片原定2015年12月23日上映，但为了避开迪士尼发行的《星球大战：原力觉醒》而挪到了2016年1月上映。<br>“梅梅”这个角色原定配音演员是《完美音调》系列的瑞贝尔·威尔森，但她因为档期冲突而退出。凯特·哈德森接过了这个角色。</p>
<p>　　为了超越前两部中的反派，导演余仁英让Kai这个角色有了“超自然”的一面。按照她的说法，“Kai”这个名字在日语中有着“神”的含义。</p>
<p>　　中国导演滕华涛担任了影片的中方统筹，运用在圈内的人脉和经验，他为影片攒出了包括黄磊、黄忆慈、杨幂，朱珠、郭子睿等在内能够吸引各个年龄层的中文配音阵容。</p>
<p>　　中美合拍和中国血统意味着《功夫熊猫3》在中国上映不再占用进口分账大片配额，而获得了与国产片一样的43%的票房分账待遇</p>
<p>　　梦工厂CEO卡森伯格向中国媒体强调，《功夫熊猫3》与以前的动画制作尤其不同的是，角色嘴型的动画制作是针对英文和中文两门语言设计的。</p>
<p>　　08年《功夫熊猫》第一部成为中国内地首部票房破1亿元的动画电影；《功夫熊猫2》在中国内地市场票房高达6亿元，截止《大圣归来》之前一直是内地市场票房最高的动画电影。</p>
<p>　　本片是第一部由二十世纪福斯发行的“功夫熊猫”电影。2012年梦工厂动画与派拉蒙的合作到期，之后便带着“功夫熊猫”改嫁到了二十世纪福斯。</p>
<p>　　《汉尼拔》麦斯·米克尔森原定为Kai配音，但因档期冲突而退出。《爆裂鼓手》J·K·西蒙斯接过了这个角色。</p>
<p>　　影片原定2015年12月23日上映，但为了避开迪士尼发行的《星球大战：原力觉醒》而挪到了2016年1月上映。</p>
<p>　　“梅梅”这个角色原定配音演员是《完美音调》系列的瑞贝尔·威尔森，但她因为档期冲突而退出。凯特·哈德森接过了这个角色。</p>
<p>　　为了超越前两部中的反派，导演余仁英让这个角色有了“超自然”的一面。按照她的说法，“Kai”这个名字在日语中有着“神”的含义。</p>
<p>　　Kai是“功夫熊猫”系列中第一个不操英式而是美式口音的大反派。</p>
<p>　　在布莱恩·科兰斯顿被敲定之前，杰米·坎贝尔·鲍尔曾被选中为阿宝的亲身父亲李山作英文版配音。不过在《功夫熊猫2》中，为这个角色配音的演员是弗莱德·塔他斯西奥。</p>
<p>　　中国导演滕华涛担任了影片的中方统筹，运用在圈内的人脉和经验，他为影片攒出了包括黄磊、黄忆慈、杨幂，朱珠、郭子睿等在内能够吸引各个年龄层的中文配音阵容。</p>
<p>◎获奖情况</p>
<p>　　第6届豆瓣电影鑫像奖  (2016)<br>　　鑫豆单元 最佳动画长片(提名)</p>
<h2 id="下载地址："><a href="#下载地址：" class="headerlink" title="下载地址："></a>下载地址：</h2><p><a href="magnet:?xt=urn:btih:C362D4A3CAD206E22EF5B76D2B478575EB891F67" target="_blank" rel="external">Kung.Fu.Panda.3.2016.720p.BluRay.x264-WiKi</a></p>
<h2 id="警告"><a href="#警告" class="headerlink" title="警告:"></a>警告:</h2><ul>
<li>本站免费电影的所有内容都由网友提供，本站仅为网友提供信息的交流平台。</li>
<li>所有电影版权归原权利人,请下载后24小时内删除。</li>
<li>勿将下载的免费电影用于商业用途，因此造成的任何责任与本站无关! </li>
</ul>
]]></content>
    
    <summary type="html">
    
      &lt;h1 id=&quot;片名：《功夫熊猫3-720p-》&quot;&gt;&lt;a href=&quot;#片名：《功夫熊猫3-720p-》&quot; class=&quot;headerlink&quot; title=&quot;片名：《功夫熊猫3[720p]》&quot;&gt;&lt;/a&gt;片名：《功夫熊猫3[720p]》&lt;/h1&gt;&lt;p&gt;◎译　　名　功夫熊猫3/熊猫阿宝3/阿宝正传3&lt;br&gt;◎片　　名　Kung Fu Panda 3&lt;br&gt;◎年　　代　2016&lt;br&gt;
    
    </summary>
    
    
      <category term="电影分享" scheme="http://Lansewenzi.github.io/tags/%E7%94%B5%E5%BD%B1%E5%88%86%E4%BA%AB/"/>
    
      <category term="动漫电影" scheme="http://Lansewenzi.github.io/tags/%E5%8A%A8%E6%BC%AB%E7%94%B5%E5%BD%B1/"/>
    
  </entry>
  
  <entry>
    <title>蓝色文字</title>
    <link href="http://Lansewenzi.github.io/2016/08/23/hello-world/"/>
    <id>http://Lansewenzi.github.io/2016/08/23/hello-world/</id>
    <published>2016-08-23T12:15:05.000Z</published>
    <updated>2016-08-26T12:41:31.483Z</updated>
    
    <content type="html"><![CDATA[<p>欢迎来到<a href="http://lansewenzi.tk" target="_blank" rel="external">蓝色文字</a>！把开心快乐献给我喜欢的某个人，希望她能够喜欢这一份小小的任性！</p>
<h2 id="我的世界"><a href="#我的世界" class="headerlink" title="我的世界"></a>我的世界</h2><h3 id="学无止尽，从克隆博客开始"><a href="#学无止尽，从克隆博客开始" class="headerlink" title="学无止尽，从克隆博客开始"></a>学无止尽，从克隆博客开始</h3><p>非常感谢yilia这个漂亮模板，因为第一次玩github，真心觉得这蛮有意思的，但同时也挺累的，毕竟只说克隆这模板，就已经有三天没睡好觉了！作为一名小白，只想说：做事情，贵在持之以恒的探索！</p>
<p>More info: <a href="https://github.com/Lansewenzi/Lansewenzi.github.io" target="_blank" rel="external">github</a></p>
]]></content>
    
    <summary type="html">
    
      &lt;p&gt;欢迎来到&lt;a href=&quot;http://lansewenzi.tk&quot; target=&quot;_blank&quot; rel=&quot;external&quot;&gt;蓝色文字&lt;/a&gt;！把开心快乐献给我喜欢的某个人，希望她能够喜欢这一份小小的任性！&lt;/p&gt;
&lt;h2 id=&quot;我的世界&quot;&gt;&lt;a href=&quot;#我的
    
    </summary>
    
    
      <category term="杂谈" scheme="http://Lansewenzi.github.io/tags/%E6%9D%82%E8%B0%88/"/>
    
  </entry>
  
</feed>
