<wpml-config>
  
  <admin-texts>
    <key name="colabs_social_facebook" />
    <key name="colabs_social_twitter" />
    <key name="colabs_social_google" />
    <key name="colabs_social_picasa" />
    <key name="colabs_social_youtube" />
    <key name="colabs_social_flickr" />
    <key name="colabs_social_linked" />
    <key name="colabs_social_delicious" />
    <key name="colabs_social_lastfm" />
    <key name="colabs_social_stumbleupon" />
    <key name="colabs_social_techno" />
    <key name="colabs_social_wordpress" />
    <key name="colabs_social_yahoo" />

    <key name="colabs_footer_credit_txt" />
    
    <key name="colabs_contactform_email" />
    <key name="colabs_you_need" />
    <key name="colabs_budget" />
  </admin-texts>

</wpml-config>