{"colabs_you_need":"Hosting, Web Design, Themes, Plugin ","colabs_budget":"$100 - $200, $200 - $300, $300 - $400","colabs_custom_favicon":"http:\/\/demo.colorlabsproject.com\/leatherly\/wp-content\/themes\/leatherly\/images\/favicon.png","colabs_logo":"http:\/\/demo.colorlabsproject.com\/leatherly\/wp-content\/themes\/leatherly\/images\/logo.png","colabs_google_analytics":"","colabs_pt_enable":"true","colabs_feedlinkurl":"","colabs_post_image_support":"true","colabs_pis_resize":"true","colabs_pis_hard_crop":"true","colabs_resize":"true","colabs_auto_img":"true","colabs_rss_thumb":"false","colabs_og_sitename":"","colabs_og_admins":"","colabs_og_img":"","colabs_thumb_w":"100","colabs_thumb_h":"100","colabs_custom_field_image":"","colabs_gosquared_id":"","colabs_feedid":"","colabs_feedlinkcomments":"","colabs_footer_credit":"false","colabs_footer_credit_txt":"","colabs_contactform_email":"rangga@colorlabsproject.com","colabs_logotitle":"title","colabs_disable_mobile":"false","colabs_social_facebook":"http:\/\/facebook.com\/colorlabs\/","colabs_social_twitter":"http:\/\/twitter.com\/colorlabs\/","colabs_social_flickr":"http:\/\/flickr.com\/","colabs_social_google":"http:\/\/google.com","colabs_social_vimeo":"http:\/\/vimeo.com","colabs_social_linked":"http:\/\/www.linkedin.com\/company\/colorlabs","colabs_user_home":"a:1:{i:0;i:12;}","colabs_share":"a:5:{i:0;s:6:\"fblike\";i:1;s:7:\"twitter\";i:2;s:14:\"google_plusone\";i:3;s:9:\"pinterest\";i:4;s:8:\"linkedin\";}","colabs_og_enable":"","colabs_social_delicious":"http:\/\/delicious.com\/","colabs_social_lastfm":"http:\/\/last.fm","colabs_social_picasa":"http:\/\/picasa.com\/","colabs_social_stumbleupon":"http:\/\/stumbleupon.com\/","colabs_social_techno":"http:\/\/technorati.com\/","colabs_social_wordpress":"http:\/\/wordpress.com\/","colabs_social_yahoo":"http:\/\/yahoo.com\/","colabs_portfolio_order":"3","colabs_post_order":"1","colabs_social_order":"2","colabs_author_order":"4","colabs_contact_order":"5","colabsthemes-backup-validator":"2012-09-07 03:02:07"}