<?xml version="1.0" encoding="utf-8" ?>
<dwsync>
<file name="btnNext.png" local="129459618860793986" remote="129459295200000000" testing="0" />
<file name="btnPrevious.png" local="129459618860823988" remote="129459295200000000" testing="0" />
<file name="contentPatternBottom.png" local="129459618860873991" remote="129459295200000000" testing="0" />
<file name="contentPatternLeft.png" local="129459618860903992" remote="129459295200000000" testing="0" />
<file name="contentPatternRight.png" local="129459618860933994" remote="129459295200000000" testing="0" />
<file name="contentPatternTop.png" local="129459618860963996" remote="129459295200000000" testing="0" />
<file name="loader.gif" local="129459618861064001" remote="129459295200000000" testing="0" />
<file name="sprite.png" local="129459618861104004" remote="129459295200000000" testing="0" />
</dwsync>