<?xml version="1.0" encoding="utf-8"?>
<Root><Model><Table><Name>YT_Alipay</Name><Description>支付宝</Description><Bind></Bind></Table><Field><Name>ID</Name><Description>主键</Description><Value><![CDATA[]]></Value><Property><![CDATA[COUNTER(1,1) PRIMARY KEY]]></Property><Type>text</Type></Field><Field><Name>OrderID</Name><Description>订单号</Description><Value><![CDATA[]]></Value><Property><![CDATA[VARCHAR]]></Property><Type>text</Type></Field><Field><Name>trade_no</Name><Description>交易号</Description><Value><![CDATA[]]></Value><Property><![CDATA[VARCHAR]]></Property><Type>text</Type></Field><Field><Name>OrderName</Name><Description>订单名称</Description><Value><![CDATA[]]></Value><Property><![CDATA[VARCHAR]]></Property><Type>text</Type></Field><Field><Name>Body</Name><Description>详细</Description><Value><![CDATA[]]></Value><Property><![CDATA[TEXT]]></Property><Type>text</Type></Field><Field><Name>Status</Name><Description>状态</Description><Value><![CDATA[]]></Value><Property><![CDATA[INT]]></Property><Type>text</Type></Field><Field><Name>Service</Name><Description>服务类型</Description><Value><![CDATA[]]></Value><Property><![CDATA[INT]]></Property><Type>text</Type></Field><Field><Name>Time</Name><Description>时间</Description><Value><![CDATA[]]></Value><Property><![CDATA[DATETIME]]></Property><Type>text</Type></Field></Model></Root>