﻿<?xml version="1.0" encoding="utf-8" standalone="yes"?><theme version="2.0"><id>milestone</id><name>里程碑</name><url>http://www.boke8.net/zblog-milstone.html</url><note>Z-Blog的企业主题</note><author><name>博客吧</name><email>bandeng@boke8.net</email><url>http://www.boke8.net</url></author><source><name>板凳</name><email>bandeng@boke8.net</email><url>http://www.boke8.net</url></source><plugin><path>editor.asp</path><include>include.asp</include><level>1</level></plugin><adapted>130128</adapted><version>1.1</version><pubdate>2013-04-22</pubdate><modified>2014-8-19</modified><description><![CDATA[Z-Blog的企业模板.模板由博客吧板凳仿制.]]></description><advanced><dependency>MiniTu|YTCMS</dependency><rewritefunctions></rewritefunctions><conflict></conflict><wap></wap></advanced><price>35</price><sidebars><sidebar1>catalog:previous:function</sidebar1><sidebar2>catalog:previous:function</sidebar2><sidebar3>previous:function</sidebar3><sidebar4>previous:function</sidebar4></sidebars><functions/></theme>
